INSERT INTO placelist (place_code,place_name,place_price,region) values ('A00001','강씨봉자연휴양림',1000,'경기도');
INSERT INTO placelist (place_code,place_name,place_price,region) values ('A00002','축령산자연휴양림',1000,'경기도');
INSERT INTO placelist (place_code,place_name,place_price,region) values ('A00003','동두천자연휴양림',2000,'경기도');
INSERT INTO placelist (place_code,place_name,place_price,region) values ('A00004','고산자연휴양림',2000,'전라북도');
INSERT INTO placelist (place_code,place_name,place_price,region) values ('A00005','거제자연휴양림',1000,'경상남도');
INSERT INTO placelist (place_code,place_name,place_price,region) values ('A00006','아세안자연휴양림',1000,'경기도');
INSERT INTO placelist (place_code,place_name,place_price,region) values ('A00007','송정자연휴양림',1000,'경상북도');
INSERT INTO placelist (place_code,place_name,place_price,region) values ('A00008','불정자연휴양림',1000,'경상북도');
INSERT INTO placelist (place_code,place_name,place_price,region) values ('A00009','대야산자연휴양림',1000,'경상북도');
INSERT INTO placelist (place_code,place_name,place_price,region) values ('A00010','남원자연휴양림',1000,'전라북도');
INSERT INTO placelist (place_code,place_name,place_price,region) values ('A00011','운장산자연휴양림',1000,'전라북도');
INSERT INTO placelist (place_code,place_name,place_price,region) values ('A00012','평창자연휴양림',2000,'강원도');
INSERT INTO placelist (place_code,place_name,place_price,region) values ('A00013','학가산우래자연휴양림',3000,'경상북도');
INSERT INTO placelist (place_code,place_name,place_price,region) values ('A00014','양촌자연휴양림',1000,'충청남도');
INSERT INTO placelist (place_code,place_name,place_price,region) values ('A00015','안면도자연휴양림',1000,'충청남도');
INSERT INTO placelist (place_code,place_name,place_price,region) values ('A00016','국립희리산해송자연휴양림',1000,'충청남도');
INSERT INTO placelist (place_code,place_name,place_price,region) values ('A00017','금봉자연휴양림',1000,'경상북도');
INSERT INTO placelist (place_code,place_name,place_price,region) values ('A00018','용봉산자연휴양림',1000,'충청남도');
INSERT INTO placelist (place_code,place_name,place_price,region) values ('A00019','춘천숲자연휴양림',2000,'강원도');


INSERT INTO USERTICKETLIST (place_code, userid, using_ticket) values ('A00001','system',0);
INSERT INTO USERTICKETLIST (place_code, userid, using_ticket) values ('A00001','system',0);
INSERT INTO USERTICKETLIST (place_code, userid, using_ticket) values ('A00011','system',0);
INSERT INTO USERTICKETLIST (place_code, userid, using_ticket) values ('A00012','system',0);
INSERT INTO USERTICKETLIST (place_code, userid, using_ticket) values ('A00012','system',0);
INSERT INTO USERTICKETLIST (place_code, userid, using_ticket) values ('A00018','system',0);

INSERT INTO paidlist (place_code, price) values ('A00001',1000);
INSERT INTO paidlist (place_code, price) values ('A00001',1000);
INSERT INTO paidlist (place_code, price) values ('A00011',1000);
INSERT INTO paidlist (place_code, price) values ('A00012',2000);
INSERT INTO paidlist (place_code, price) values ('A00012',2000);
INSERT INTO paidlist (place_code, price) values ('A00018',1000);
